,ds,trend,yhat_lower,yhat_upper,trend_lower,trend_upper,additive_terms,additive_terms_lower,additive_terms_upper,weekly,weekly_lower,weekly_upper,multiplicative_terms,multiplicative_terms_lower,multiplicative_terms_upper,yhat
0,2020-03-16,65.53518141602754,-28.821294670930104,145.30241504389127,65.53518141602754,65.53518141602754,-5.874278874881988,-5.874278874881988,-5.874278874881988,-5.874278874881988,-5.874278874881988,-5.874278874881988,0.0,0.0,0.0,59.66090254114555
1,2020-03-17,67.33070154847869,-20.363560982241736,150.0174829195788,67.33070154847869,67.33070154847869,-2.4140343528583768,-2.4140343528583768,-2.4140343528583768,-2.4140343528583768,-2.4140343528583768,-2.4140343528583768,0.0,0.0,0.0,64.9166671956203
2,2020-03-18,69.12622168092982,-18.82192006703679,152.16571394697488,69.12622168092982,69.12622168092982,-3.5074895391279632,-3.5074895391279632,-3.5074895391279632,-3.5074895391279632,-3.5074895391279632,-3.5074895391279632,0.0,0.0,0.0,65.61873214180186
3,2020-03-19,70.92174181338098,-19.606926948381968,153.2543302535987,70.92174181338098,70.92174181338098,-3.8556350999691285,-3.8556350999691285,-3.8556350999691285,-3.8556350999691285,-3.8556350999691285,-3.8556350999691285,0.0,0.0,0.0,67.06610671341184
4,2020-03-20,72.7172619458321,-26.46304474604569,146.49240133371566,72.7172619458321,72.7172619458321,-7.7613854376385145,-7.7613854376385145,-7.7613854376385145,-7.7613854376385145,-7.7613854376385145,-7.7613854376385145,0.0,0.0,0.0,64.9558765081936
5,2020-03-23,78.10382234318554,-11.037861937873815,157.862429407051,78.10382234318554,78.10382234318554,-5.874278874875033,-5.874278874875033,-5.874278874875033,-5.874278874875033,-5.874278874875033,-5.874278874875033,0.0,0.0,0.0,72.22954346831051
6,2020-03-24,79.89934247563669,-10.141671049653274,162.33565327741704,79.89934247563669,79.89934247563669,-2.414034352838554,-2.414034352838554,-2.414034352838554,-2.414034352838554,-2.414034352838554,-2.414034352838554,0.0,0.0,0.0,77.48530812279813
7,2020-03-25,81.69486260808783,-5.120987316684203,167.29061930465207,81.69486260808783,81.69486260808783,-3.507489539123076,-3.507489539123076,-3.507489539123076,-3.507489539123076,-3.507489539123076,-3.507489539123076,0.0,0.0,0.0,78.18737306896476
8,2020-03-26,83.49038274053899,-0.8097090399077799,162.12308024132022,83.49038274053899,83.49038274053899,-3.8556350999856424,-3.8556350999856424,-3.8556350999856424,-3.8556350999856424,-3.8556350999856424,-3.8556350999856424,0.0,0.0,0.0,79.63474764055334
9,2020-03-27,85.28590281266618,-1.1753194150390571,154.9550846426405,85.28590281266617,85.28590281266617,-7.7613854376254166,-7.7613854376254166,-7.7613854376254166,-7.7613854376254166,-7.7613854376254166,-7.7613854376254166,0.0,0.0,0.0,77.52451737504076
10,2020-03-30,90.67246302904779,-6.219722226072823,172.66872537257248,90.67246302904779,90.67246302904779,-5.874278874907891,-5.874278874907891,-5.874278874907891,-5.874278874907891,-5.874278874907891,-5.874278874907891,0.0,0.0,0.0,84.7981841541399
11,2020-03-31,92.46798310117501,6.086932291370281,167.36277902142206,92.46798310117501,92.46798310117501,-2.4140343528706363,-2.4140343528706363,-2.4140343528706363,-2.4140343528706363,-2.4140343528706363,-2.4140343528706363,0.0,0.0,0.0,90.05394874830438
12,2020-04-01,94.26350317330221,1.2580227432910795,179.61321693208066,94.26350317330221,94.26350317330221,-3.5074895391242604,-3.5074895391242604,-3.5074895391242604,-3.5074895391242604,-3.5074895391242604,-3.5074895391242604,0.0,0.0,0.0,90.75601363417795
13,2020-04-02,96.05902324542942,4.11463394946668,175.39241086425437,96.05902324542942,96.05902324542942,-3.8556350999844673,-3.8556350999844673,-3.8556350999844673,-3.8556350999844673,-3.8556350999844673,-3.8556350999844673,0.0,0.0,0.0,92.20338814544495
14,2020-04-03,97.85454331755663,7.900115926382961,192.58315279321653,97.85454331755663,97.85454331755663,-7.761385437630022,-7.761385437630022,-7.761385437630022,-7.761385437630022,-7.761385437630022,-7.761385437630022,0.0,0.0,0.0,90.09315787992661
15,2020-04-06,103.24110353393824,14.464544048917185,189.6827602828166,103.24110353393826,103.24110353393826,-5.874278874900935,-5.874278874900935,-5.874278874900935,-5.874278874900935,-5.874278874900935,-5.874278874900935,0.0,0.0,0.0,97.3668246590373
16,2020-04-07,105.03662360606545,26.104207738477868,181.93575220846228,105.03662360606545,105.03662360606545,-2.414034352862842,-2.414034352862842,-2.414034352862842,-2.414034352862842,-2.414034352862842,-2.414034352862842,0.0,0.0,0.0,102.6225892532026
17,2020-04-08,106.83214395695612,18.14157298250314,184.35550718433012,106.83214395695612,106.83214395695612,-3.507489539125444,-3.507489539125444,-3.507489539125444,-3.507489539125444,-3.507489539125444,-3.507489539125444,0.0,0.0,0.0,103.32465441783067
18,2020-04-09,108.62766430784679,3.377995892107142,193.01699732065998,108.62766430784679,108.62766430784679,-3.8556350999921376,-3.8556350999921376,-3.8556350999921376,-3.8556350999921376,-3.8556350999921376,-3.8556350999921376,0.0,0.0,0.0,104.77202920785464
19,2020-04-13,115.80974571140946,19.845186972017203,195.7335531370833,115.80974571140946,115.80974571140946,-5.87427887489398,-5.87427887489398,-5.87427887489398,-5.87427887489398,-5.87427887489398,-5.87427887489398,0.0,0.0,0.0,109.93546683651549
20,2020-04-14,117.60526606230012,28.858701567345996,202.6664514054437,117.60526606230012,117.60526606230012,-2.414034352855047,-2.414034352855047,-2.414034352855047,-2.414034352855047,-2.414034352855047,-2.414034352855047,0.0,0.0,0.0,115.19123170944508
21,2020-04-15,119.40078641319079,27.93322019551028,203.086419858476,119.40078641319079,119.40078641319079,-3.507489539126628,-3.507489539126628,-3.507489539126628,-3.507489539126628,-3.507489539126628,-3.507489539126628,0.0,0.0,0.0,115.89329687406416
22,2020-04-16,121.19630676408144,29.73878458506519,205.2012214053202,121.19630676408144,121.19630676408144,-3.855635099968655,-3.855635099968655,-3.855635099968655,-3.855635099968655,-3.855635099968655,-3.855635099968655,0.0,0.0,0.0,117.34067166411279
23,2020-04-17,122.99182711497214,36.318031410750685,200.59708360819104,122.99182711497214,122.99182711497214,-7.761385437603826,-7.761385437603826,-7.761385437603826,-7.761385437603826,-7.761385437603826,-7.761385437603826,0.0,0.0,0.0,115.23044167736832
24,2020-04-20,128.37838816764415,37.3514081064672,212.311772465541,128.37838816764415,128.37838816764415,-5.874278874906934,-5.874278874906934,-5.874278874906934,-5.874278874906934,-5.874278874906934,-5.874278874906934,0.0,0.0,0.0,122.50410929273721
25,2020-04-21,130.17390852180196,48.53487604327728,208.25459209770574,130.17390852180196,130.17390852180196,-2.414034352875101,-2.414034352875101,-2.414034352875101,-2.414034352875101,-2.414034352875101,-2.414034352875101,0.0,0.0,0.0,127.75987416892686
26,2020-04-22,131.96942887595978,41.86915448929426,210.39736931262672,131.96942887595978,131.96942887595978,-3.5074895391260443,-3.5074895391260443,-3.5074895391260443,-3.5074895391260443,-3.5074895391260443,-3.5074895391260443,0.0,0.0,0.0,128.46193933683372
27,2020-04-23,133.7649492301176,49.094412533096694,210.31616304228254,133.7649492301176,133.7649492301176,-3.8556350999763245,-3.8556350999763245,-3.8556350999763245,-3.8556350999763245,-3.8556350999763245,-3.8556350999763245,0.0,0.0,0.0,129.90931413014127
28,2020-04-24,135.5604695842754,44.94285235649929,214.35427534067108,135.5604695842754,135.5604695842754,-7.7613854376084275,-7.7613854376084275,-7.7613854376084275,-7.7613854376084275,-7.7613854376084275,-7.7613854376084275,0.0,0.0,0.0,127.79908414666698
29,2020-04-27,140.94703064674889,53.04101093818756,230.00609500142863,140.94703064674889,140.94703064674889,-5.87427887487351,-5.87427887487351,-5.87427887487351,-5.87427887487351,-5.87427887487351,-5.87427887487351,0.0,0.0,0.0,135.07275177187537
30,2020-04-28,142.7425510009067,58.66694854500465,229.7256571341159,142.7425510009067,142.7425510009067,-2.4140343528793347,-2.4140343528793347,-2.4140343528793347,-2.4140343528793347,-2.4140343528793347,-2.4140343528793347,0.0,0.0,0.0,140.32851664802737
31,2020-04-29,144.53807135506452,54.72653434084533,229.68743955259873,144.53807135506452,144.53807135506452,-3.507489539128995,-3.507489539128995,-3.507489539128995,-3.507489539128995,-3.507489539128995,-3.507489539128995,0.0,0.0,0.0,141.03058181593553
32,2020-04-30,146.33359170922233,55.0377526125348,231.6793250889765,146.33359170922233,146.33359170922233,-3.855635099975151,-3.855635099975151,-3.855635099975151,-3.855635099975151,-3.855635099975151,-3.855635099975151,0.0,0.0,0.0,142.47795660924717
33,2020-05-01,148.12911205538438,55.30723683851076,222.78980676077123,148.12911205538438,148.12911205538438,-7.76138543762757,-7.76138543762757,-7.76138543762757,-7.76138543762757,-7.76138543762757,-7.76138543762757,0.0,0.0,0.0,140.3677266177568
34,2020-05-04,153.51567309387048,59.252405264043844,236.14894445990507,153.51567309387048,153.51567309387048,-5.874278874886463,-5.874278874886463,-5.874278874886463,-5.874278874886463,-5.874278874886463,-5.874278874886463,0.0,0.0,0.0,147.641394218984
35,2020-05-05,155.31119344003253,64.55200338823137,238.9120609543399,155.31119344003253,155.31119344003253,-2.4140343528595114,-2.4140343528595114,-2.4140343528595114,-2.4140343528595114,-2.4140343528595114,-2.4140343528595114,0.0,0.0,0.0,152.897159087173
36,2020-05-06,157.10671378619458,65.33465759264016,235.11521359542076,157.10671378619458,157.10671378619458,-3.5074895391284113,-3.5074895391284113,-3.5074895391284113,-3.5074895391284113,-3.5074895391284113,-3.5074895391284113,0.0,0.0,0.0,153.59922424706616
37,2020-05-07,158.9022341323566,69.12546776865878,241.7352654355346,158.9022341323566,158.9022341323566,-3.8556350999828197,-3.8556350999828197,-3.8556350999828197,-3.8556350999828197,-3.8556350999828197,-3.8556350999828197,0.0,0.0,0.0,155.04659903237376
38,2020-05-08,160.69775447851865,64.54866892239573,241.64857515041444,160.69775447851868,160.69775447851868,-7.761385437632176,-7.761385437632176,-7.761385437632176,-7.761385437632176,-7.761385437632176,-7.761385437632176,0.0,0.0,0.0,152.93636904088646
39,2020-05-11,166.0843155170047,77.31709383303027,248.68680258951252,166.0843155170047,166.0843155170047,-5.874278874879509,-5.874278874879509,-5.874278874879509,-5.874278874879509,-5.874278874879509,-5.874278874879509,0.0,0.0,0.0,160.2100366421252
40,2020-05-12,167.87983586316676,83.41332001142054,254.01872442588996,167.87983586316676,167.87983586316676,-2.4140343528637445,-2.4140343528637445,-2.4140343528637445,-2.4140343528637445,-2.4140343528637445,-2.4140343528637445,0.0,0.0,0.0,165.465801510303
41,2020-05-13,169.6753573866598,78.77460043261021,247.5574360599714,169.6753573866598,169.6753573866598,-3.5074895391252907,-3.5074895391252907,-3.5074895391252907,-3.5074895391252907,-3.5074895391252907,-3.5074895391252907,0.0,0.0,0.0,166.16786784753452
42,2020-05-14,171.4708789101528,80.5468623069137,248.39455498571485,171.4708789101528,171.4708789101528,-3.855635099990489,-3.855635099990489,-3.855635099990489,-3.855635099990489,-3.855635099990489,-3.855635099990489,0.0,0.0,0.0,167.61524381016233
43,2020-05-15,173.26640043364586,81.8308375646678,252.09574432329205,173.26640043364586,173.26640043364586,-7.761385437619079,-7.761385437619079,-7.761385437619079,-7.761385437619079,-7.761385437619079,-7.761385437619079,0.0,0.0,0.0,165.50501499602677
44,2020-05-18,178.65296500412492,93.11399534130659,255.25356728305692,178.65296500412492,178.65296500412492,-5.8742788748659915,-5.8742788748659915,-5.8742788748659915,-5.8742788748659915,-5.8742788748659915,-5.8742788748659915,0.0,0.0,0.0,172.77868612925894
45,2020-05-19,180.44848652761797,95.4718421412725,268.1253658682737,180.44848652761797,180.44848652761797,-2.4140343528679775,-2.4140343528679775,-2.4140343528679775,-2.4140343528679775,-2.4140343528679775,-2.4140343528679775,0.0,0.0,0.0,178.03445217475
46,2020-05-20,182.24400805111102,93.67450696404507,271.1087675639999,182.24400805111102,182.24400805111102,-3.5074895391264747,-3.5074895391264747,-3.5074895391264747,-3.5074895391264747,-3.5074895391264747,-3.5074895391264747,0.0,0.0,0.0,178.73651851198454
47,2020-05-21,184.03952957460402,93.86319445581194,264.11779249284274,184.03952957460402,184.03952957460402,-3.855635099998158,-3.855635099998158,-3.855635099998158,-3.855635099998158,-3.855635099998158,-3.855635099998158,0.0,0.0,0.0,180.18389447460586
48,2020-05-22,185.83505109809707,89.33651851578774,261.35619035168475,185.83505109809707,185.83505109809707,-7.76138543760598,-7.76138543760598,-7.76138543760598,-7.76138543760598,-7.76138543760598,-7.76138543760598,0.0,0.0,0.0,178.0736656604911
49,2020-05-26,193.0173255648894,112.2702228721991,283.59819987514595,193.0173255648894,193.0173255648894,-2.414034352860183,-2.414034352860183,-2.414034352860183,-2.414034352860183,-2.414034352860183,-2.414034352860183,0.0,0.0,0.0,190.60329121202923
50,2020-05-27,194.81289418158747,102.118682280683,277.30567116506387,194.81289418158747,194.81289418158747,-3.507489539127659,-3.507489539127659,-3.507489539127659,-3.507489539127659,-3.507489539127659,-3.507489539127659,0.0,0.0,0.0,191.30540464245982
51,2020-05-28,196.60846279828553,107.11260147172935,281.14210851796355,196.60846279828553,196.60846279828553,-3.8556350999658333,-3.8556350999658333,-3.8556350999658333,-3.8556350999658333,-3.8556350999658333,-3.8556350999658333,0.0,0.0,0.0,192.7528276983197
52,2020-05-29,198.4040314149836,105.99408065044861,276.51069334152373,198.4040314149836,198.4040314149836,-7.761385437642825,-7.761385437642825,-7.761385437642825,-7.761385437642825,-7.761385437642825,-7.761385437642825,0.0,0.0,0.0,190.64264597734078
53,2020-06-01,203.79073726507784,100.912220966877,281.29681454034164,203.79073726507784,203.79073726507784,-5.8742788748719885,-5.8742788748719885,-5.8742788748719885,-5.8742788748719885,-5.8742788748719885,-5.8742788748719885,0.0,0.0,0.0,197.91645839020586
54,2020-06-02,205.5863058817759,120.94293036378006,288.13282456148556,205.5863058817759,205.5863058817759,-2.4140343528523895,-2.4140343528523895,-2.4140343528523895,-2.4140343528523895,-2.4140343528523895,-2.4140343528523895,0.0,0.0,0.0,203.17227152892352
55,2020-06-03,207.38187449847396,120.93349537153095,291.9899302717629,207.38187449847396,207.38187449847396,-3.507489539127077,-3.507489539127077,-3.507489539127077,-3.507489539127077,-3.507489539127077,-3.507489539127077,0.0,0.0,0.0,203.87438495934688
56,2020-06-04,209.17744311517208,115.64768157595998,290.38042299587676,209.17744311517208,209.17744311517208,-3.8556350999823463,-3.8556350999823463,-3.8556350999823463,-3.8556350999823463,-3.8556350999823463,-3.8556350999823463,0.0,0.0,0.0,205.32180801518973
57,2020-06-05,210.99540026711125,114.83500948498711,281.5267321534397,210.99540026711125,210.99540026711125,-7.76138543764743,-7.76138543764743,-7.76138543764743,-7.76138543764743,-7.76138543764743,-7.76138543764743,0.0,0.0,0.0,203.23401482946383
58,2020-06-08,216.44927172292878,129.04873676382363,301.51515853670867,216.44927172292878,216.44927172292878,-5.874278874884942,-5.874278874884942,-5.874278874884942,-5.874278874884942,-5.874278874884942,-5.874278874884942,0.0,0.0,0.0,210.57499284804385
59,2020-06-09,218.26722887486798,130.44935408381164,303.18048107006683,218.26722887486798,218.26722887486798,-2.414034352872443,-2.414034352872443,-2.414034352872443,-2.414034352872443,-2.414034352872443,-2.414034352872443,0.0,0.0,0.0,215.85319452199553
60,2020-06-10,220.08518602680715,127.72551756472822,302.5474855749058,220.08518602680715,220.08518602680715,-3.5074895391300256,-3.5074895391300256,-3.5074895391300256,-3.5074895391300256,-3.5074895391300256,-3.5074895391300256,0.0,0.0,0.0,216.57769648767712
61,2020-06-11,221.90314317874635,129.40645196951462,301.3466348714006,221.90314317874635,221.90314317874635,-3.8556350999811713,-3.8556350999811713,-3.8556350999811713,-3.8556350999811713,-3.8556350999811713,-3.8556350999811713,0.0,0.0,0.0,218.0475080787652
62,2020-06-12,223.7211003306855,123.69194304004844,301.91469273760026,223.7211003306855,223.7211003306855,-7.761385437634329,-7.761385437634329,-7.761385437634329,-7.761385437634329,-7.761385437634329,-7.761385437634329,0.0,0.0,0.0,215.95971489305117
63,2020-06-15,229.17497178650305,140.250963701763,309.91445630701656,229.17497178650305,229.17497178650305,-5.874278874897894,-5.874278874897894,-5.874278874897894,-5.874278874897894,-5.874278874897894,-5.874278874897894,0.0,0.0,0.0,223.30069291160515
64,2020-06-16,230.9929289384422,136.21017820212427,314.9723593803781,230.9929289384422,230.9929289384422,-2.414034352876676,-2.414034352876676,-2.414034352876676,-2.414034352876676,-2.414034352876676,-2.414034352876676,0.0,0.0,0.0,228.5788945855655
65,2020-06-17,232.86622559530358,140.19124528607378,313.25605094368007,232.86622559530358,232.86622559530358,-3.507489539129442,-3.507489539129442,-3.507489539129442,-3.507489539129442,-3.507489539129442,-3.507489539129442,0.0,0.0,0.0,229.35873605617414
66,2020-06-18,234.739522252165,137.8668857556379,311.2028305423969,234.739522252165,234.739522252165,-3.8556350999888425,-3.8556350999888425,-3.8556350999888425,-3.8556350999888425,-3.8556350999888425,-3.8556350999888425,0.0,0.0,0.0,230.88388715217616
67,2020-06-19,236.6128189090263,142.41525462217035,309.6986038412469,236.6128189090263,236.6128189090263,-7.7613854376212315,-7.7613854376212315,-7.7613854376212315,-7.7613854376212315,-7.7613854376212315,-7.7613854376212315,0.0,0.0,0.0,228.85143347140504
68,2020-06-22,242.23270887961047,147.4409405810333,321.876035868013,242.23270887961047,242.23270887961047,-5.874278874890938,-5.874278874890938,-5.874278874890938,-5.874278874890938,-5.874278874890938,-5.874278874890938,0.0,0.0,0.0,236.35843000471954
69,2020-06-23,244.10600553647186,158.68975831454887,331.64923471129845,244.10600553647186,244.10600553647186,-2.4140343528568544,-2.4140343528568544,-2.4140343528568544,-2.4140343528568544,-2.4140343528568544,-2.4140343528568544,0.0,0.0,0.0,241.691971183615
70,2020-06-24,245.9793021933332,158.76936747286953,326.26601597086284,245.9793021933332,245.9793021933332,-3.50748953912886,-3.50748953912886,-3.50748953912886,-3.50748953912886,-3.50748953912886,-3.50748953912886,0.0,0.0,0.0,242.47181265420434
71,2020-06-25,247.85259885019457,155.87601091746603,332.19578166481784,247.85259885019457,247.85259885019457,-3.85563509996536,-3.85563509996536,-3.85563509996536,-3.85563509996536,-3.85563509996536,-3.85563509996536,0.0,0.0,0.0,243.9969637502292
72,2020-06-26,249.72589550705598,154.49593562820738,326.5822213042716,249.725895507056,249.725895507056,-7.7613854376081335,-7.7613854376081335,-7.7613854376081335,-7.7613854376081335,-7.7613854376081335,-7.7613854376081335,0.0,0.0,0.0,241.96451006944784
73,2020-06-29,255.51000132494264,168.83350256681865,340.5546345834962,255.51000132494264,255.51000132494264,-5.874278874903891,-5.874278874903891,-5.874278874903891,-5.874278874903891,-5.874278874903891,-5.874278874903891,0.0,0.0,0.0,249.63572245003874
74,2020-06-30,257.43803659757157,168.10556536081066,340.3626405365868,257.43803659757157,257.43803659757157,-2.4140343528610866,-2.4140343528610866,-2.4140343528610866,-2.4140343528610866,-2.4140343528610866,-2.4140343528610866,0.0,0.0,0.0,255.0240022447105
75,2020-07-01,259.3660718702004,174.40537342295093,336.3197890972287,259.3660718702004,259.3660718702004,-3.5074895391257392,-3.5074895391257392,-3.5074895391257392,-3.5074895391257392,-3.5074895391257392,-3.5074895391257392,0.0,0.0,0.0,255.85858233107467
76,2020-07-02,261.2941071428293,173.41536919987854,344.8429824312695,261.2941071428293,261.2941071428293,-3.8556350999730284,-3.8556350999730284,-3.8556350999730284,-3.8556350999730284,-3.8556350999730284,-3.8556350999730284,0.0,0.0,0.0,257.4384720428563
77,2020-07-06,269.00624823334493,177.84285396137733,343.1176563718487,269.00624823334493,269.00624823334493,-5.87427887487047,-5.87427887487047,-5.87427887487047,-5.87427887487047,-5.87427887487047,-5.87427887487047,0.0,0.0,0.0,263.13196935847446
78,2020-07-07,270.93428350597384,181.48636925023413,352.70980481508343,270.93428350597384,270.93428350597384,-2.414034352853293,-2.414034352853293,-2.414034352853293,-2.414034352853293,-2.414034352853293,-2.414034352853293,0.0,0.0,0.0,268.5202491531205
79,2020-07-08,272.8623187786027,181.37542680982196,350.33042502533453,272.8623187786027,272.8623187786027,-3.5074895391269227,-3.5074895391269227,-3.5074895391269227,-3.5074895391269227,-3.5074895391269227,-3.5074895391269227,0.0,0.0,0.0,269.35482923947575
80,2020-07-09,274.7903540512316,185.28944190589814,354.7075109768651,274.7903540512316,274.7903540512316,-3.855635099971855,-3.855635099971855,-3.855635099971855,-3.855635099971855,-3.855635099971855,-3.855635099971855,0.0,0.0,0.0,270.93471895125975
81,2020-07-10,276.7260044629609,181.32813346251848,353.63241254559534,276.7260044629609,276.7260044629609,-7.761385437581936,-7.761385437581936,-7.761385437581936,-7.761385437581936,-7.761385437581936,-7.761385437581936,0.0,0.0,0.0,268.96461902537897
82,2020-07-13,282.5329556981488,187.56412057169715,356.0713765471211,282.5329556981488,282.5329556981488,-5.8742788748834185,-5.8742788748834185,-5.8742788748834185,-5.8742788748834185,-5.8742788748834185,-5.8742788748834185,0.0,0.0,0.0,276.65867682326535
83,2020-07-14,284.46860610987807,198.53447905776136,374.0931442410487,284.46860610987807,284.46860610987807,-2.414034352845498,-2.414034352845498,-2.414034352845498,-2.414034352845498,-2.414034352845498,-2.414034352845498,0.0,0.0,0.0,282.0545717570326
84,2020-07-15,286.4042565216074,190.49794357202467,366.8414315071215,286.4042565216074,286.4042565216074,-3.5074895391281062,-3.5074895391281062,-3.5074895391281062,-3.5074895391281062,-3.5074895391281062,-3.5074895391281062,0.0,0.0,0.0,282.8967669824793
85,2020-07-16,288.3399069333367,198.52994428786107,370.2978824774937,288.3399069333367,288.3399069333367,-3.85563509997068,-3.85563509997068,-3.85563509997068,-3.85563509997068,-3.85563509997068,-3.85563509997068,0.0,0.0,0.0,284.484271833366
86,2020-07-17,290.275557345066,197.48205981958958,369.1020058515643,290.275557345066,290.275557345066,-7.761385437636486,-7.761385437636486,-7.761385437636486,-7.761385437636486,-7.761385437636486,-7.761385437636486,0.0,0.0,0.0,282.5141719074295
87,2020-07-20,296.0825085802539,207.37486707325843,375.2476948154447,296.0825085802539,296.0825085802539,-5.874278874876464,-5.874278874876464,-5.874278874876464,-5.874278874876464,-5.874278874876464,-5.874278874876464,0.0,0.0,0.0,290.20822970537745
88,2020-07-21,298.0181589919831,215.83795704436983,379.20550023811586,298.0181589919831,298.0181589919831,-2.414034352837703,-2.414034352837703,-2.414034352837703,-2.414034352837703,-2.414034352837703,-2.414034352837703,0.0,0.0,0.0,295.6041246391454
89,2020-07-22,299.9538108220163,208.92878291871315,379.81354569793484,299.9538108220163,299.9538108220163,-3.5074895391232204,-3.5074895391232204,-3.5074895391232204,-3.5074895391232204,-3.5074895391232204,-3.5074895391232204,0.0,0.0,0.0,296.44632128289305
90,2020-07-23,301.8894626520494,213.78452526121472,380.5428668885956,301.8894626520494,301.8894626520494,-3.8556350999871936,-3.8556350999871936,-3.8556350999871936,-3.8556350999871936,-3.8556350999871936,-3.8556350999871936,0.0,0.0,0.0,298.03382755206223
91,2020-07-24,303.8251144820826,215.00446625707906,379.7843845335159,303.8251144820826,303.8251144820826,-7.761385437623387,-7.761385437623387,-7.761385437623387,-7.761385437623387,-7.761385437623387,-7.761385437623387,0.0,0.0,0.0,296.0637290444592
92,2020-07-27,309.63206997218197,210.70519632541001,389.59736835773464,309.63206997218197,309.63206997218197,-5.874278874909324,-5.874278874909324,-5.874278874909324,-5.874278874909324,-5.874278874909324,-5.874278874909324,0.0,0.0,0.0,303.7577910972726
93,2020-07-28,311.56772180221515,218.33960854133048,392.27184774371244,311.56772180221515,311.56772180221515,-2.414034352869786,-2.414034352869786,-2.414034352869786,-2.414034352869786,-2.414034352869786,-2.414034352869786,0.0,0.0,0.0,309.15368744934534
94,2020-07-29,313.50337363224827,228.033721556203,394.52281180841385,313.50337363224827,313.50337363224827,-3.507489539126171,-3.507489539126171,-3.507489539126171,-3.507489539126171,-3.507489539126171,-3.507489539126171,0.0,0.0,0.0,309.9958840931221
95,2020-07-30,315.43902546228145,225.78150302852117,394.7914047363176,315.43902546228145,315.43902546228145,-3.8556350999860185,-3.8556350999860185,-3.8556350999860185,-3.8556350999860185,-3.8556350999860185,-3.8556350999860185,0.0,0.0,0.0,311.5833903622954
96,2020-07-31,317.3746772923146,225.75702337759083,389.4467031477346,317.3746772923146,317.3746772923146,-7.761385437610289,-7.761385437610289,-7.761385437610289,-7.761385437610289,-7.761385437610289,-7.761385437610289,0.0,0.0,0.0,309.6132918547043
97,2020-08-03,323.1816489514469,232.41331079704912,406.4421087985283,323.1816489514469,323.1816489514469,-5.8742788749023696,-5.8742788749023696,-5.8742788749023696,-5.8742788749023696,-5.8742788749023696,-5.8742788749023696,0.0,0.0,0.0,317.30737007654454
98,2020-08-04,325.1173061711577,242.1893330776872,404.9146595943042,325.1173061711577,325.1173061711577,-2.4140343528619908,-2.4140343528619908,-2.4140343528619908,-2.4140343528619908,-2.4140343528619908,-2.4140343528619908,0.0,0.0,0.0,322.70327181829566
99,2020-08-05,327.0529633908685,237.46812595061428,416.6973728521217,327.0529633908685,327.0529633908685,-3.507489539125587,-3.507489539125587,-3.507489539125587,-3.507489539125587,-3.507489539125587,-3.507489539125587,0.0,0.0,0.0,323.54547385174294
100,2020-08-06,328.9886206105793,237.7625488117521,411.8761143793802,328.9886206105793,328.9886206105793,-3.855635099993688,-3.855635099993688,-3.855635099993688,-3.855635099993688,-3.855635099993688,-3.855635099993688,0.0,0.0,0.0,325.1329855105856
101,2020-08-07,330.9242778302901,239.78931427243708,412.08726255565324,330.9242778302901,330.9242778302901,-7.761385437597189,-7.761385437597189,-7.761385437597189,-7.761385437597189,-7.761385437597189,-7.761385437597189,0.0,0.0,0.0,323.1628923926929
102,2020-08-10,336.7312494894224,245.30583200960967,416.997720880555,336.7312494894224,336.7312494894224,-5.874278874895413,-5.874278874895413,-5.874278874895413,-5.874278874895413,-5.874278874895413,-5.874278874895413,0.0,0.0,0.0,330.856970614527
103,2020-08-11,338.66690670913323,250.88320286757533,421.425037358154,338.66690670913323,338.66690670913323,-2.4140343528541965,-2.4140343528541965,-2.4140343528541965,-2.4140343528541965,-2.4140343528541965,-2.4140343528541965,0.0,0.0,0.0,336.25287235627906
104,2020-08-12,340.6025686018343,248.9947410700702,428.06348451220447,340.60256860183426,340.60256860183426,-3.5074895391267704,-3.5074895391267704,-3.5074895391267704,-3.5074895391267704,-3.5074895391267704,-3.5074895391267704,0.0,0.0,0.0,337.09507906270755
105,2020-08-13,342.5382304945354,249.26437135981217,428.48885163702363,342.5382304945354,342.5382304945354,-3.8556350999702067,-3.8556350999702067,-3.8556350999702067,-3.8556350999702067,-3.8556350999702067,-3.8556350999702067,0.0,0.0,0.0,338.6825953945652
106,2020-08-14,344.4738923872365,253.20658241292267,427.13478654756307,344.4738923872365,344.4738923872365,-7.7613854376517395,-7.7613854376517395,-7.7613854376517395,-7.7613854376517395,-7.7613854376517395,-7.7613854376517395,0.0,0.0,0.0,336.71250694958474
107,2020-08-17,350.2808780653398,263.70385689430054,435.32722281764745,350.2808780653398,350.2808780653398,-5.874278874928273,-5.874278874928273,-5.874278874928273,-5.874278874928273,-5.874278874928273,-5.874278874928273,0.0,0.0,0.0,344.4065991904115
108,2020-08-18,352.2165399580409,264.7029342026875,431.29360793687044,352.2165399580409,352.2165399580409,-2.4140343528742507,-2.4140343528742507,-2.4140343528742507,-2.4140343528742507,-2.4140343528742507,-2.4140343528742507,0.0,0.0,0.0,349.8025056051667
109,2020-08-19,354.152201850742,260.540595338556,437.5974067932039,354.152201850742,354.152201850742,-3.507489539127956,-3.507489539127956,-3.507489539127956,-3.507489539127956,-3.507489539127956,-3.507489539127956,0.0,0.0,0.0,350.64471231161406
110,2020-08-20,356.0878637434431,272.5049893504839,437.7646139729937,356.0878637434431,356.0878637434431,-3.8556350999778757,-3.8556350999778757,-3.8556350999778757,-3.8556350999778757,-3.8556350999778757,-3.8556350999778757,0.0,0.0,0.0,352.23222864346525
111,2020-08-21,358.02352563614426,267.2564463877948,436.33700084333736,358.02352563614426,358.02352563614426,-7.761385437656345,-7.761385437656345,-7.761385437656345,-7.761385437656345,-7.761385437656345,-7.761385437656345,0.0,0.0,0.0,350.2621401984879
112,2020-08-24,363.83052706480316,271.96731589326674,441.7676776454425,363.83052706480316,363.83052706480316,-5.874278874874944,-5.874278874874944,-5.874278874874944,-5.874278874874944,-5.874278874874944,-5.874278874874944,0.0,0.0,0.0,357.9562481899282
113,2020-08-25,365.76619420768947,280.3813870425728,447.61438246241914,365.76619420768947,365.76619420768947,-2.414034352878484,-2.414034352878484,-2.414034352878484,-2.414034352878484,-2.414034352878484,-2.414034352878484,0.0,0.0,0.0,363.35215985481096
114,2020-08-26,367.7018613505758,277.23087393135984,454.2851797677136,367.7018613505758,367.7018613505758,-3.5074895391291387,-3.5074895391291387,-3.5074895391291387,-3.5074895391291387,-3.5074895391291387,-3.5074895391291387,0.0,0.0,0.0,364.1943718114467
115,2020-08-27,369.6375284934621,279.5698904764946,446.357457429093,369.6375284934621,369.6375284934621,-3.855635099976702,-3.855635099976702,-3.855635099976702,-3.855635099976702,-3.855635099976702,-3.855635099976702,0.0,0.0,0.0,365.7818933934854
116,2020-08-28,371.57319563634843,276.2511502881825,452.81932472766255,371.57319563634843,371.57319563634843,-7.761385437625542,-7.761385437625542,-7.761385437625542,-7.761385437625542,-7.761385437625542,-7.761385437625542,0.0,0.0,0.0,363.81181019872287
117,2020-08-31,377.38019706500734,281.04242819289175,452.5718186057563,377.38019706500734,377.38019706500734,-5.874278874887895,-5.874278874887895,-5.874278874887895,-5.874278874887895,-5.874278874887895,-5.874278874887895,0.0,0.0,0.0,371.5059181901194
118,2020-09-01,379.3158642078937,288.3878447712,457.91714284643547,379.3158642078937,379.3158642078937,-2.4140343528586605,-2.4140343528586605,-2.4140343528586605,-2.4140343528586605,-2.4140343528586605,-2.4140343528586605,0.0,0.0,0.0,376.90182985503503
119,2020-09-02,381.25153135077994,291.03898402366934,468.00438308127224,381.25153135077994,381.25153135077994,-3.507489539128555,-3.507489539128555,-3.507489539128555,-3.507489539128555,-3.507489539128555,-3.507489539128555,0.0,0.0,0.0,377.7440418116514
120,2020-09-03,383.18719858649456,296.45747462125036,470.54193623851825,383.18719858649456,383.18719858649456,-3.8556350999932163,-3.8556350999932163,-3.8556350999932163,-3.8556350999932163,-3.8556350999932163,-3.8556350999932163,0.0,0.0,0.0,379.33156348650135
121,2020-09-04,385.12286582220923,289.1891423501023,463.6865273897572,385.1228658222092,385.1228658222092,-7.761385437630147,-7.761385437630147,-7.761385437630147,-7.761385437630147,-7.761385437630147,-7.761385437630147,0.0,0.0,0.0,377.36148038457907
122,2020-09-08,392.8655347650677,305.87288309698346,476.5388466956031,392.86553476506776,392.86553476506776,-2.414034352862893,-2.414034352862893,-2.414034352862893,-2.414034352862893,-2.414034352862893,-2.414034352862893,0.0,0.0,0.0,390.45150041220484
123,2020-09-09,394.8012020007823,311.12514375447927,478.2283879995765,394.8012020007823,394.8012020007823,-3.5074895391254337,-3.5074895391254337,-3.5074895391254337,-3.5074895391254337,-3.5074895391254337,-3.5074895391254337,0.0,0.0,0.0,391.29371246165687
124,2020-09-10,396.73686923649694,300.4281094251026,481.3721817438121,396.73686923649694,396.73686923649694,-3.8556350999608897,-3.8556350999608897,-3.8556350999608897,-3.8556350999608897,-3.8556350999608897,-3.8556350999608897,0.0,0.0,0.0,392.8812341365361
125,2020-09-11,398.67253647221156,306.12969149472616,471.3557858022463,398.67253647221156,398.67253647221156,-7.761385437617049,-7.761385437617049,-7.761385437617049,-7.761385437617049,-7.761385437617049,-7.761385437617049,0.0,0.0,0.0,390.9111510345945
126,2020-09-14,404.4795381793554,307.6051216450927,481.0525220325916,404.4795381793554,404.4795381793554,-5.874278874867424,-5.874278874867424,-5.874278874867424,-5.874278874867424,-5.874278874867424,-5.874278874867424,0.0,0.0,0.0,398.605259304488
127,2020-09-15,406.4152054150701,317.9054023477546,494.0892056342878,406.4152054150701,406.4152054150701,-2.414034352867127,-2.414034352867127,-2.414034352867127,-2.414034352867127,-2.414034352867127,-2.414034352867127,0.0,0.0,0.0,404.00117106220296
128,2020-09-16,408.3508736192853,314.4946321604702,492.48456768239146,408.3508736192853,408.3508736192853,-3.507489539126619,-3.507489539126619,-3.507489539126619,-3.507489539126619,-3.507489539126619,-3.507489539126619,0.0,0.0,0.0,404.8433840801587
129,2020-09-17,410.2865418235005,319.7198951233444,490.63392784560125,410.2865418235005,410.2865418235005,-3.85563509996856,-3.85563509996856,-3.85563509996856,-3.85563509996856,-3.85563509996856,-3.85563509996856,0.0,0.0,0.0,406.43090672353196
130,2020-09-18,412.2222100277157,321.0154651144863,492.1526038087513,412.2222100277157,412.2222100277157,-7.76138543760395,-7.76138543760395,-7.76138543760395,-7.76138543760395,-7.76138543760395,-7.76138543760395,0.0,0.0,0.0,404.4608245901117
131,2020-09-21,418.02921464036126,326.1476781686422,496.58700253402884,418.02921464036126,418.02921464036126,-5.87427887486047,-5.87427887486047,-5.87427887486047,-5.87427887486047,-5.87427887486047,-5.87427887486047,0.0,0.0,0.0,412.1549357655008
132,2020-09-22,419.96488284457644,330.8156147721222,501.50367132112444,419.96488284457644,419.96488284457644,-2.414034352847304,-2.414034352847304,-2.414034352847304,-2.414034352847304,-2.414034352847304,-2.414034352847304,0.0,0.0,0.0,417.55084849172914
133,2020-09-23,421.9005510487917,327.4256667249739,501.51663780888833,421.9005510487917,421.9005510487917,-3.5074895391278016,-3.5074895391278016,-3.5074895391278016,-3.5074895391278016,-3.5074895391278016,-3.5074895391278016,0.0,0.0,0.0,418.39306150966394
134,2020-09-24,423.83621925300685,337.18542672543686,498.724150135776,423.83621925300685,423.83621925300685,-3.855635099967385,-3.855635099967385,-3.855635099967385,-3.855635099967385,-3.855635099967385,-3.855635099967385,0.0,0.0,0.0,419.98058415303944
135,2020-09-25,425.771887457222,331.3660032145722,503.35808859781264,425.771887457222,425.771887457222,-7.761385437640795,-7.761385437640795,-7.761385437640795,-7.761385437640795,-7.761385437640795,-7.761385437640795,0.0,0.0,0.0,418.0105020195812
136,2020-09-28,431.78948428758935,342.35133687458796,513.5512229269548,431.78948428758935,431.78948428758935,-5.874278874873421,-5.874278874873421,-5.874278874873421,-5.874278874873421,-5.874278874873421,-5.874278874873421,0.0,0.0,0.0,425.9152054127159
137,2020-09-29,433.7953498977118,347.77293700383666,520.0254984579698,433.7953498977118,433.7953498977118,-2.4140343528515382,-2.4140343528515382,-2.4140343528515382,-2.4140343528515382,-2.4140343528515382,-2.4140343528515382,0.0,0.0,0.0,431.38131554486023
138,2020-09-30,435.8012155078342,349.2155954971459,520.1714876217393,435.8012155078342,435.8012155078342,-3.5074895391272176,-3.5074895391272176,-3.5074895391272176,-3.5074895391272176,-3.5074895391272176,-3.5074895391272176,0.0,0.0,0.0,432.29372596870695
139,2020-10-01,437.80708111795656,356.39762864837,520.2377614539647,437.80708111795656,437.80708111795656,-3.8556350999838975,-3.8556350999838975,-3.8556350999838975,-3.8556350999838975,-3.8556350999838975,-3.8556350999838975,0.0,0.0,0.0,433.95144601797267
140,2020-10-02,439.81294672807905,341.81813765359465,518.4646367258116,439.81294672807905,439.81294672807905,-7.761385437645402,-7.761385437645402,-7.761385437645402,-7.761385437645402,-7.761385437645402,-7.761385437645402,0.0,0.0,0.0,432.05156129043365
141,2020-10-05,445.83054355844627,354.74856342318503,526.4737530474366,445.83054355844627,445.83054355844627,-5.874278874886374,-5.874278874886374,-5.874278874886374,-5.874278874886374,-5.874278874886374,-5.874278874886374,0.0,0.0,0.0,439.9562646835599
142,2020-10-06,447.83640916856876,361.7852008069375,543.7121356027671,447.83640916856876,447.83640916856876,-2.414034352871593,-2.414034352871593,-2.414034352871593,-2.414034352871593,-2.414034352871593,-2.414034352871593,0.0,0.0,0.0,445.4223748156972
143,2020-10-07,449.8422747786912,359.0924722672308,535.2740658067283,449.8422747786912,449.8422747786912,-3.50748953913017,-3.50748953913017,-3.50748953913017,-3.50748953913017,-3.50748953913017,-3.50748953913017,0.0,0.0,0.0,446.33478523956103
144,2020-10-08,451.9922729502348,360.3239035087517,535.224024531222,451.9922729502348,451.9922729502348,-3.8556350999827225,-3.8556350999827225,-3.8556350999827225,-3.8556350999827225,-3.8556350999827225,-3.8556350999827225,0.0,0.0,0.0,448.13663785025204
145,2020-10-09,454.1422711217784,359.0754435830155,529.0565810788335,454.1422711217784,454.1422711217784,-7.761385437614599,-7.761385437614599,-7.761385437614599,-7.761385437614599,-7.761385437614599,-7.761385437614599,0.0,0.0,0.0,446.3808856841638
146,2020-10-12,460.59226563640914,370.4409159677326,541.4802745402144,460.59226563640914,460.59226563640914,-5.874278874899327,-5.874278874899327,-5.874278874899327,-5.874278874899327,-5.874278874899327,-5.874278874899327,0.0,0.0,0.0,454.7179867615098
147,2020-10-13,462.7422638079527,375.11115807577016,545.1530206321478,462.7422638079527,462.7422638079527,-2.414034352875827,-2.414034352875827,-2.414034352875827,-2.414034352875827,-2.414034352875827,-2.414034352875827,0.0,0.0,0.0,460.3282294550769
148,2020-10-14,464.8922619794964,376.75462537064345,545.1643053228588,464.8922619794964,464.8922619794964,-3.5074895391252814,-3.5074895391252814,-3.5074895391252814,-3.5074895391252814,-3.5074895391252814,-3.5074895391252814,0.0,0.0,0.0,461.38477244037114
149,2020-10-15,467.04226015104,377.17605718347784,552.1926048690406,467.04226015104,467.04226015104,-3.855635099990392,-3.855635099990392,-3.855635099990392,-3.855635099990392,-3.855635099990392,-3.855635099990392,0.0,0.0,0.0,463.18662505104965
150,2020-10-16,469.1922583225836,378.06703514186046,547.6643290716506,469.1922583225836,469.1922583225836,-7.761385437619203,-7.761385437619203,-7.761385437619203,-7.761385437619203,-7.761385437619203,-7.761385437619203,0.0,0.0,0.0,461.4308728849644
151,2020-10-19,475.64225283721447,378.937627890799,555.2077646534312,475.64225283721447,475.64225283721447,-5.8742788748923696,-5.8742788748923696,-5.8742788748923696,-5.8742788748923696,-5.8742788748923696,-5.8742788748923696,0.0,0.0,0.0,469.7679739623221
152,2020-10-20,477.98416591704364,389.03480743599346,561.3149149661568,477.98416591704364,477.98416591704364,-2.414034352856004,-2.414034352856004,-2.414034352856004,-2.414034352856004,-2.414034352856004,-2.414034352856004,0.0,0.0,0.0,475.57013156418765
153,2020-10-21,480.3260789968728,387.4314310433127,565.1012449825798,480.3260789968728,480.3260789968728,-3.507489539124699,-3.507489539124699,-3.507489539124699,-3.507489539124699,-3.507489539124699,-3.507489539124699,0.0,0.0,0.0,476.8185894577481
154,2020-10-22,482.667992076702,391.24984077214924,566.1488817565605,482.667992076702,482.667992076702,-3.8556350999669116,-3.8556350999669116,-3.8556350999669116,-3.8556350999669116,-3.8556350999669116,-3.8556350999669116,0.0,0.0,0.0,478.8123569767351
155,2020-10-23,485.00990515653126,386.5005271375427,557.3822744716858,485.00990515653126,485.00990515653126,-7.761385437606105,-7.761385437606105,-7.761385437606105,-7.761385437606105,-7.761385437606105,-7.761385437606105,0.0,0.0,0.0,477.24851971892514
156,2020-10-26,492.03564439601877,396.7941987588345,572.3040413031055,492.03564439601877,492.03564439601877,-5.87427887492523,-5.87427887492523,-5.87427887492523,-5.87427887492523,-5.87427887492523,-5.87427887492523,0.0,0.0,0.0,486.16136552109356
157,2020-10-27,494.37755747584805,403.9066980417645,576.1168739777328,494.37755747584805,494.37755747584805,-2.414034352860237,-2.414034352860237,-2.414034352860237,-2.414034352860237,-2.414034352860237,-2.414034352860237,0.0,0.0,0.0,491.9635231229878
158,2020-10-28,496.7194705556772,408.226258567464,577.3726304632935,496.7194705556772,496.7194705556772,-3.5074895391276497,-3.5074895391276497,-3.5074895391276497,-3.5074895391276497,-3.5074895391276497,-3.5074895391276497,0.0,0.0,0.0,493.21198101654954
159,2020-10-29,499.0613836355064,414.2748635335538,585.5505798343102,499.0613836355064,499.0613836355064,-3.8556350999745805,-3.8556350999745805,-3.8556350999745805,-3.8556350999745805,-3.8556350999745805,-3.8556350999745805,0.0,0.0,0.0,495.2057485355318
160,2020-10-30,501.59197061547593,408.4561211740783,584.9228448539288,501.59197061547593,501.59197061547593,-7.76138543761071,-7.76138543761071,-7.76138543761071,-7.76138543761071,-7.76138543761071,-7.76138543761071,0.0,0.0,0.0,493.8305851778652
161,2020-11-02,509.1837315553847,420.4717661999009,586.3062936191753,509.1837315553847,509.1837315553847,-5.8742788748719,-5.8742788748719,-5.8742788748719,-5.8742788748719,-5.8742788748719,-5.8742788748719,0.0,0.0,0.0,503.30945268051283
162,2020-11-03,511.7143185353543,431.8451004855577,597.7608475313219,511.7143185353543,511.7143185353543,-2.414034352852442,-2.414034352852442,-2.414034352852442,-2.414034352852442,-2.414034352852442,-2.414034352852442,0.0,0.0,0.0,509.30028418250185
163,2020-11-04,514.2449055153239,425.11422693887295,597.5686816216066,514.2449055153239,514.2449055153239,-3.507489539127067,-3.507489539127067,-3.507489539127067,-3.507489539127067,-3.507489539127067,-3.507489539127067,0.0,0.0,0.0,510.73741597619687
164,2020-11-05,516.7754924952935,429.3457047276135,589.8520931008088,516.7754924952935,516.7754924952935,-3.855635099973407,-3.855635099973407,-3.855635099973407,-3.855635099973407,-3.855635099973407,-3.855635099973407,0.0,0.0,0.0,512.9198573953202
165,2020-11-06,519.3060794752631,420.1520592336808,601.104200517402,519.3060794752631,519.3060794752631,-7.761385437579908,-7.761385437579908,-7.761385437579908,-7.761385437579908,-7.761385437579908,-7.761385437579908,0.0,0.0,0.0,511.5446940376832
166,2020-11-09,526.8978404151719,438.49695943884905,605.2076956670712,526.8978404151719,526.8978404151719,-5.874278874884853,-5.874278874884853,-5.874278874884853,-5.874278874884853,-5.874278874884853,-5.874278874884853,0.0,0.0,0.0,521.023561540287
167,2020-11-10,529.4284273951414,444.47238607600286,606.653208157854,529.4284273951414,529.4284273951414,-2.414034352872496,-2.414034352872496,-2.414034352872496,-2.414034352872496,-2.414034352872496,-2.414034352872496,0.0,0.0,0.0,527.0143930422689
168,2020-11-11,532.0358365409941,445.3227208506998,614.0208694497932,532.0358365409941,532.0358365409941,-3.5074895391282497,-3.5074895391282497,-3.5074895391282497,-3.5074895391282497,-3.5074895391282497,-3.5074895391282497,0.0,0.0,0.0,528.5283470018658
169,2020-11-12,534.6432456868467,435.33713337671804,616.5104238594349,534.6432456868467,534.6432456868467,-3.8556350999899203,-3.8556350999899203,-3.8556350999899203,-3.8556350999899203,-3.8556350999899203,-3.8556350999899203,0.0,0.0,0.0,530.7876105868568
170,2020-11-13,537.2506548326994,444.4000769759152,613.554261199635,537.2506548326994,537.2506548326994,-7.761385437634458,-7.761385437634458,-7.761385437634458,-7.761385437634458,-7.761385437634458,-7.761385437634458,0.0,0.0,0.0,529.489269395065
171,2020-11-16,545.0728822702573,457.91819288597776,627.5478376727433,545.0728822702573,545.0728822702573,-5.874278874877898,-5.874278874877898,-5.874278874877898,-5.874278874877898,-5.874278874877898,-5.874278874877898,0.0,0.0,0.0,539.1986033953795
172,2020-11-17,547.6802914161101,455.6412435888386,629.8439616877797,547.6802914161101,547.6802914161101,-2.414034352864701,-2.414034352864701,-2.414034352864701,-2.414034352864701,-2.414034352864701,-2.414034352864701,0.0,0.0,0.0,545.2662570632453
173,2020-11-18,550.2877005619628,459.9470086622775,639.0986593947615,550.2877005619628,550.2877005619628,-3.5074895391233634,-3.5074895391233634,-3.5074895391233634,-3.5074895391233634,-3.5074895391233634,-3.5074895391233634,0.0,0.0,0.0,546.7802110228394
174,2020-11-19,552.8951097078153,467.24705301984125,631.1008163289339,552.8951097078153,552.8951097078153,-3.855635099988745,-3.855635099988745,-3.855635099988745,-3.855635099988745,-3.855635099988745,-3.855635099988745,0.0,0.0,0.0,549.0394746078266
175,2020-11-20,555.5025188536679,462.96304079327876,635.8614526869093,555.5025188536679,555.5025188536679,-7.7613854376213585,-7.7613854376213585,-7.7613854376213585,-7.7613854376213585,-7.7613854376213585,-7.7613854376213585,0.0,0.0,0.0,547.7411334160465
176,2020-11-23,563.3247462740417,471.8576858790552,641.1505442463673,563.3247462740417,563.3247462740417,-5.874278874910756,-5.874278874910756,-5.874278874910756,-5.874278874910756,-5.874278874910756,-5.874278874910756,0.0,0.0,0.0,557.450467399131
177,2020-11-24,565.9321554141662,477.741888128975,646.2572019824931,565.9321554141662,565.9321554141662,-2.4140343528689345,-2.4140343528689345,-2.4140343528689345,-2.4140343528689345,-2.4140343528689345,-2.4140343528689345,0.0,0.0,0.0,563.5181210612973
178,2020-11-25,568.5395645542908,471.52648860305544,647.4123719197208,568.5395645542908,568.5395645542908,-3.507489539126314,-3.507489539126314,-3.507489539126314,-3.507489539126314,-3.507489539126314,-3.507489539126314,0.0,0.0,0.0,565.0320750151644
179,2020-11-27,573.7543828345399,482.62399667310115,650.626691765921,573.7543828345399,573.7543828345399,-7.761385437608259,-7.761385437608259,-7.761385437608259,-7.761385437608259,-7.761385437608259,-7.761385437608259,0.0,0.0,0.0,565.9929973969316
180,2020-11-30,581.5766102549136,490.5830973036303,665.2691942381075,581.5766102549136,581.5766102549136,-5.874278874903802,-5.874278874903802,-5.874278874903802,-5.874278874903802,-5.874278874903802,-5.874278874903802,0.0,0.0,0.0,575.7023313800098
181,2020-12-01,584.184019395038,495.4814991741465,670.5153617353692,584.184019395038,584.184019395038,-2.414034352849112,-2.414034352849112,-2.414034352849112,-2.414034352849112,-2.414034352849112,-2.414034352849112,0.0,0.0,0.0,581.769985042189
182,2020-12-02,586.7914285351626,490.1679308970254,670.5842474341026,586.7914285351626,586.7914285351626,-3.5074895391257317,-3.5074895391257317,-3.5074895391257317,-3.5074895391257317,-3.5074895391257317,-3.5074895391257317,0.0,0.0,0.0,583.2839389960369
183,2020-12-03,589.398837675287,501.04807791165183,665.3216392580229,589.398837675287,589.398837675287,-3.8556351000040836,-3.8556351000040836,-3.8556351000040836,-3.8556351000040836,-3.8556351000040836,-3.8556351000040836,0.0,0.0,0.0,585.543202575283
184,2020-12-04,592.006246401459,494.9691878965801,665.5623328272868,592.006246401459,592.006246401459,-7.761385437645105,-7.761385437645105,-7.761385437645105,-7.761385437645105,-7.761385437645105,-7.761385437645105,0.0,0.0,0.0,584.2448609638138
185,2020-12-07,599.8284725799745,508.1695832926159,679.1452392163715,599.8284725799745,599.8284725799745,-5.874278874850472,-5.874278874850472,-5.874278874850472,-5.874278874850472,-5.874278874850472,-5.874278874850472,0.0,0.0,0.0,593.954193705124
186,2020-12-08,602.4358813061464,510.3381500809294,688.0450555352778,602.4358813061464,602.4358813061464,-2.4140343528533466,-2.4140343528533466,-2.4140343528533466,-2.4140343528533466,-2.4140343528533466,-2.4140343528533466,0.0,0.0,0.0,600.021846953293
187,2020-12-09,605.043290032318,518.2228797369199,685.6405745843886,605.043290032318,605.043290032318,-3.5074895391269143,-3.5074895391269143,-3.5074895391269143,-3.5074895391269143,-3.5074895391269143,-3.5074895391269143,0.0,0.0,0.0,601.5358004931911
188,2020-12-10,607.65069875849,510.60304188839535,698.4424122225328,607.65069875849,607.65069875849,-3.855635099971759,-3.855635099971759,-3.855635099971759,-3.855635099971759,-3.855635099971759,-3.855635099971759,0.0,0.0,0.0,603.7950636585182
189,2020-12-11,610.2581074846618,512.6904640507154,697.4112058195083,610.2581074846618,610.2581074846618,-7.761385437649711,-7.761385437649711,-7.761385437649711,-7.761385437649711,-7.761385437649711,-7.761385437649711,0.0,0.0,0.0,602.4967220470121
190,2020-12-14,618.0803336631774,527.4965363001876,699.5172293675645,618.0803336631774,618.0803336631774,-5.8742788748833314,-5.8742788748833314,-5.8742788748833314,-5.8742788748833314,-5.8742788748833314,-5.8742788748833314,0.0,0.0,0.0,612.2060547882941
191,2020-12-15,620.687742389349,530.563178810687,701.3391265484287,620.687742389349,620.687742389349,-2.4140343528734,-2.4140343528734,-2.4140343528734,-2.4140343528734,-2.4140343528734,-2.4140343528734,0.0,0.0,0.0,618.2737080364756
192,2020-12-16,623.2951505635402,534.0342429893442,699.8329289798296,623.2951505635402,623.2951505635402,-3.507489539128098,-3.507489539128098,-3.507489539128098,-3.507489539128098,-3.507489539128098,-3.507489539128098,0.0,0.0,0.0,619.7876610244122
193,2020-12-17,625.9025587377314,538.9463916427395,710.6555794005284,625.9025587377314,625.9025587377314,-3.8556350999794273,-3.8556350999794273,-3.8556350999794273,-3.8556350999794273,-3.8556350999794273,-3.8556350999794273,0.0,0.0,0.0,622.046923637752
194,2020-12-18,628.5099669119224,533.7537281317486,699.1741586865355,628.5099669119224,628.5099669119224,-7.761385437618909,-7.761385437618909,-7.761385437618909,-7.761385437618909,-7.761385437618909,-7.761385437618909,0.0,0.0,0.0,620.7485814743036
195,2020-12-21,636.3321914344959,546.8923028066913,717.3000608455644,636.3321914344959,636.3321914344959,-5.874278874876375,-5.874278874876375,-5.874278874876375,-5.874278874876375,-5.874278874876375,-5.874278874876375,0.0,0.0,0.0,630.4579125596196
196,2020-12-22,638.9395996086871,546.7778648555962,720.2253120909317,638.9395996086871,638.9395996086871,-2.4140343528776325,-2.4140343528776325,-2.4140343528776325,-2.4140343528776325,-2.4140343528776325,-2.4140343528776325,0.0,0.0,0.0,636.5255652558095
197,2020-12-23,641.5470077828782,553.9088039635262,729.0271668389898,641.5470077828782,641.5470077828782,-3.5074895391292826,-3.5074895391292826,-3.5074895391292826,-3.5074895391292826,-3.5074895391292826,-3.5074895391292826,0.0,0.0,0.0,638.0395182437488
198,2020-12-24,644.1544159570694,548.6667579418424,729.8852342216713,644.1544159570694,644.1544159570694,-3.8556350999782523,-3.8556350999782523,-3.8556350999782523,-3.8556350999782523,-3.8556350999782523,-3.8556350999782523,0.0,0.0,0.0,640.2987808570912
199,2020-12-28,654.5840486538341,567.912476579263,738.8817523179,654.5840486538341,654.5840486538341,-5.8742788748893275,-5.8742788748893275,-5.8742788748893275,-5.8742788748893275,-5.8742788748893275,-5.8742788748893275,0.0,0.0,0.0,648.7097697789447
200,2020-12-29,657.0415650399452,567.6187661504596,743.2284015960862,657.0415650399452,657.0415650399452,-2.4140343528578114,-2.4140343528578114,-2.4140343528578114,-2.4140343528578114,-2.4140343528578114,-2.4140343528578114,0.0,0.0,0.0,654.6275306870874
201,2020-12-30,659.4990814260561,568.1079758222486,748.7906838767311,659.4990814260561,659.4990814260561,-3.507489539128699,-3.507489539128699,-3.507489539128699,-3.507489539128699,-3.507489539128699,-3.507489539128699,0.0,0.0,0.0,655.9915918869274
202,2020-12-31,661.956597812167,574.1054519599559,743.9820891574057,661.956597812167,661.956597812167,-3.8556350999636155,-3.8556350999636155,-3.8556350999636155,-3.8556350999636155,-3.8556350999636155,-3.8556350999636155,0.0,0.0,0.0,658.1009627122035
203,2021-01-04,671.786663356611,581.739941033522,750.2780294728533,671.7866633566111,671.7866633566111,-5.87427887490228,-5.87427887490228,-5.87427887490228,-5.87427887490228,-5.87427887490228,-5.87427887490228,0.0,0.0,0.0,665.9123844817087
204,2021-01-05,674.244179742722,585.6203038911892,750.31344505596,674.244179742722,674.244179742722,-2.4140343528620427,-2.4140343528620427,-2.4140343528620427,-2.4140343528620427,-2.4140343528620427,-2.4140343528620427,0.0,0.0,0.0,671.83014538986
205,2021-01-06,676.7016961288332,582.7177379415134,755.8113459170554,676.7016961288332,676.7016961288332,-3.507489539127345,-3.507489539127345,-3.507489539127345,-3.507489539127345,-3.507489539127345,-3.507489539127345,0.0,0.0,0.0,673.1942065897058
206,2021-01-07,679.1592125149442,596.7057217005928,757.5570473114,679.1592125149442,679.1592125149442,-3.855635099962441,-3.855635099962441,-3.855635099962441,-3.855635099962441,-3.855635099962441,-3.855635099962441,0.0,0.0,0.0,675.3035774149818
207,2021-01-08,681.6167289010551,584.6902679680703,762.4527638578456,681.6167289010551,681.6167289010551,-7.761385437615021,-7.761385437615021,-7.761385437615021,-7.761385437615021,-7.761385437615021,-7.761385437615021,0.0,0.0,0.0,673.8553434634401
208,2021-01-11,688.9892780593882,591.384766775696,757.6154888360107,688.9892780593882,688.9892780593882,-5.874278874868857,-5.874278874868857,-5.874278874868857,-5.874278874868857,-5.874278874868857,-5.874278874868857,0.0,0.0,0.0,683.1149991845193
209,2021-01-12,691.4467944454991,603.1669521459743,776.6367163755722,691.4467944454991,691.4467944454991,-2.4140343528662775,-2.4140343528662775,-2.4140343528662775,-2.4140343528662775,-2.4140343528662775,-2.4140343528662775,0.0,0.0,0.0,689.0327600926329
210,2021-01-13,693.9043108316101,605.3584665547276,775.2733661833033,693.9043108316102,693.9043108316102,-3.507489539126761,-3.507489539126761,-3.507489539126761,-3.507489539126761,-3.507489539126761,-3.507489539126761,0.0,0.0,0.0,690.3968212924834
211,2021-01-14,696.361827217721,604.3965537638783,776.773939864325,696.361827217721,696.361827217721,-3.8556350999701117,-3.8556350999701117,-3.8556350999701117,-3.8556350999701117,-3.8556350999701117,-3.8556350999701117,0.0,0.0,0.0,692.506192117751
212,2021-01-15,698.8193436038322,601.5289097131047,774.2731643609475,698.8193436038322,698.8193436038322,-7.76138543760192,-7.76138543760192,-7.76138543760192,-7.76138543760192,-7.76138543760192,-7.76138543760192,0.0,0.0,0.0,691.0579581662303
213,2021-01-19,708.6494091482762,619.0792921329452,793.7046058730866,708.6494091482762,708.6494091482762,-2.414034352846455,-2.414034352846455,-2.414034352846455,-2.414034352846455,-2.414034352846455,-2.414034352846455,0.0,0.0,0.0,706.2353747954297
214,2021-01-20,711.1069255343871,620.8622318325084,787.9270703275282,711.1069255343871,711.1069255343871,-3.5074895391279455,-3.5074895391279455,-3.5074895391279455,-3.5074895391279455,-3.5074895391279455,-3.5074895391279455,0.0,0.0,0.0,707.5994359952591
215,2021-01-21,713.5644419204981,620.5337979636787,788.1913291886358,713.5644419204981,713.5644419204981,-3.8556350999777806,-3.8556350999777806,-3.8556350999777806,-3.8556350999777806,-3.8556350999777806,-3.8556350999777806,0.0,0.0,0.0,709.7088068205203
216,2021-01-22,716.0219583066091,619.3570345135563,793.8281023690063,716.0219583066091,716.0219583066091,-7.761385437638767,-7.761385437638767,-7.761385437638767,-7.761385437638767,-7.761385437638767,-7.761385437638767,0.0,0.0,0.0,708.2605728689704
217,2021-01-25,723.3945074649421,636.8379924960238,798.4301987773383,723.3945074649421,723.3945074649421,-5.874278874874855,-5.874278874874855,-5.874278874874855,-5.874278874874855,-5.874278874874855,-5.874278874874855,0.0,0.0,0.0,717.5202285900672
218,2021-01-26,725.8520238510531,640.9280869173894,815.448388677777,725.8520238510532,725.8520238510532,-2.414034352850688,-2.414034352850688,-2.414034352850688,-2.414034352850688,-2.414034352850688,-2.414034352850688,0.0,0.0,0.0,723.4379894982025
219,2021-01-27,728.3095402371641,649.274047828854,811.0023397232661,728.3095402371641,728.3095402371641,-3.5074895391230587,-3.5074895391230587,-3.5074895391230587,-3.5074895391230587,-3.5074895391230587,-3.5074895391230587,0.0,0.0,0.0,724.8020506980411
220,2021-01-28,730.767056623275,640.6159175242373,813.3933864686918,730.767056623275,730.767056623275,-3.855635099985449,-3.855635099985449,-3.855635099985449,-3.855635099985449,-3.855635099985449,-3.855635099985449,0.0,0.0,0.0,726.9114215232896
221,2021-01-29,733.2245730093861,640.6915935361761,806.9394806663568,733.2245730093861,733.2245730093861,-7.761385437643372,-7.761385437643372,-7.761385437643372,-7.761385437643372,-7.761385437643372,-7.761385437643372,0.0,0.0,0.0,725.4631875717427
222,2021-02-01,740.5971221677191,651.5938225961512,818.5325561105897,740.5971221677191,740.5971221677191,-5.874278874887806,-5.874278874887806,-5.874278874887806,-5.874278874887806,-5.874278874887806,-5.874278874887806,0.0,0.0,0.0,734.7228432928314
223,2021-02-02,743.05463855383,663.0924596411752,826.4736973051945,743.05463855383,743.05463855383,-2.414034352870742,-2.414034352870742,-2.414034352870742,-2.414034352870742,-2.414034352870742,-2.414034352870742,0.0,0.0,0.0,740.6406042009593
224,2021-02-03,745.5121549399411,651.7069063204507,828.0776061373138,745.5121549399411,745.5121549399411,-3.5074895391260092,-3.5074895391260092,-3.5074895391260092,-3.5074895391260092,-3.5074895391260092,-3.5074895391260092,0.0,0.0,0.0,742.004665400815
225,2021-02-04,747.969671326052,656.3566387519243,823.083054099593,747.969671326052,747.969671326052,-3.8556350999842746,-3.8556350999842746,-3.8556350999842746,-3.8556350999842746,-3.8556350999842746,-3.8556350999842746,0.0,0.0,0.0,744.1140362260677
226,2021-02-05,750.4271877121631,667.1169203335943,831.3065301760917,750.4271877121631,750.4271877121631,-7.76138543761257,-7.76138543761257,-7.76138543761257,-7.76138543761257,-7.76138543761257,-7.76138543761257,0.0,0.0,0.0,742.6658022745505
227,2021-02-08,757.799736870496,663.4019605622564,836.1016190235291,757.799736870496,757.799736870496,-5.874278874900759,-5.874278874900759,-5.874278874900759,-5.874278874900759,-5.874278874900759,-5.874278874900759,0.0,0.0,0.0,751.9254579955953
228,2021-02-09,760.2572532566071,674.7853417216785,840.1719081649626,760.2572532566071,760.2572532566071,-2.4140343528629478,-2.4140343528629478,-2.4140343528629478,-2.4140343528629478,-2.4140343528629478,-2.4140343528629478,0.0,0.0,0.0,757.8432189037442
229,2021-02-10,762.7147696427181,672.027277343988,846.718496250746,762.7147696427181,762.7147696427181,-3.507489539125426,-3.507489539125426,-3.507489539125426,-3.507489539125426,-3.507489539125426,-3.507489539125426,0.0,0.0,0.0,759.2072801035927
230,2021-02-11,765.1722860288291,681.0565657843297,846.5947580150876,765.1722860288291,765.1722860288291,-3.8556351000007876,-3.8556351000007876,-3.8556351000007876,-3.8556351000007876,-3.8556351000007876,-3.8556351000007876,0.0,0.0,0.0,761.3166509288284
231,2021-02-12,767.6298024149401,671.4313215882896,853.4730267143918,767.6298024149401,767.6298024149401,-7.761385437617173,-7.761385437617173,-7.761385437617173,-7.761385437617173,-7.761385437617173,-7.761385437617173,0.0,0.0,0.0,759.8684169773229
232,2021-02-16,777.459867959384,684.0753293250295,860.9561430400762,777.459867959384,777.459867959384,-2.4140343528551527,-2.4140343528551527,-2.4140343528551527,-2.4140343528551527,-2.4140343528551527,-2.4140343528551527,0.0,0.0,0.0,775.0458336065288
233,2021-02-17,779.9173843454951,696.0553422004798,860.7108309414882,779.9173843454951,779.9173843454951,-3.507489539124843,-3.507489539124843,-3.507489539124843,-3.507489539124843,-3.507489539124843,-3.507489539124843,0.0,0.0,0.0,776.4098948063702
234,2021-02-18,782.3749007316061,688.0847803650728,869.2756342362916,782.3749007316061,782.3749007316061,-3.8556350999684628,-3.8556350999684628,-3.8556350999684628,-3.8556350999684628,-3.8556350999684628,-3.8556350999684628,0.0,0.0,0.0,778.5192656316376
235,2021-02-19,784.832417117717,693.759765974075,864.2656431790566,784.832417117717,784.832417117717,-7.761385437604075,-7.761385437604075,-7.761385437604075,-7.761385437604075,-7.761385437604075,-7.761385437604075,0.0,0.0,0.0,777.0710316801129
236,2021-02-22,792.2049662760501,703.2005552649154,875.5456535715126,792.2049662760501,792.2049662760501,-5.874278874926662,-5.874278874926662,-5.874278874926662,-5.874278874926662,-5.874278874926662,-5.874278874926662,0.0,0.0,0.0,786.3306874011234
237,2021-02-23,794.662482662161,710.8006872192873,880.2068135506196,794.662482662161,794.662482662161,-2.414034352887235,-2.414034352887235,-2.414034352887235,-2.414034352887235,-2.414034352887235,-2.414034352887235,0.0,0.0,0.0,792.2484483092737
238,2021-02-24,797.119999048272,707.7745546388427,875.4921005872474,797.119999048272,797.119999048272,-3.5074895391277923,-3.5074895391277923,-3.5074895391277923,-3.5074895391277923,-3.5074895391277923,-3.5074895391277923,0.0,0.0,0.0,793.6125095091442
239,2021-02-25,799.577515434383,720.0370202716177,884.6759123903173,799.577515434383,799.577515434383,-3.855635099976132,-3.855635099976132,-3.855635099976132,-3.855635099976132,-3.855635099976132,-3.855635099976132,0.0,0.0,0.0,795.7218803344069
240,2021-02-26,802.0350318204942,704.7952981180224,875.9557470226325,802.0350318204942,802.0350318204942,-7.761385437590976,-7.761385437590976,-7.761385437590976,-7.761385437590976,-7.761385437590976,-7.761385437590976,0.0,0.0,0.0,794.2736463829032
241,2021-03-01,809.407580978827,715.4698726538454,887.3083137201796,809.407580978827,809.407580978827,-5.874278874873333,-5.874278874873333,-5.874278874873333,-5.874278874873333,-5.874278874873333,-5.874278874873333,0.0,0.0,0.0,803.5333021039537
242,2021-03-02,811.8650973649382,727.6499957992462,895.661553768522,811.8650973649383,811.8650973649383,-2.4140343528794403,-2.4140343528794403,-2.4140343528794403,-2.4140343528794403,-2.4140343528794403,-2.4140343528794403,0.0,0.0,0.0,809.4510630120587
243,2021-03-03,814.3226137510491,734.9043712722864,900.4743058495263,814.3226137510491,814.3226137510491,-3.50748953912721,-3.50748953912721,-3.50748953912721,-3.50748953912721,-3.50748953912721,-3.50748953912721,0.0,0.0,0.0,810.8151242119219
244,2021-03-04,816.78013013716,729.633092309534,892.0562925938144,816.78013013716,816.78013013716,-3.855635099974959,-3.855635099974959,-3.855635099974959,-3.855635099974959,-3.855635099974959,-3.855635099974959,0.0,0.0,0.0,812.924495037185
245,2021-03-05,819.237646523271,724.1754384154353,900.6289124904634,819.237646523271,819.237646523271,-7.7613854376278235,-7.7613854376278235,-7.7613854376278235,-7.7613854376278235,-7.7613854376278235,-7.7613854376278235,0.0,0.0,0.0,811.4762610856432
246,2021-03-08,826.6101956816041,730.7947164953625,904.81046160969,826.6101956816041,826.6101956816041,-5.874278874886285,-5.874278874886285,-5.874278874886285,-5.874278874886285,-5.874278874886285,-5.874278874886285,0.0,0.0,0.0,820.7359168067178
247,2021-03-09,829.067712067715,739.6540478169723,911.3557443818789,829.067712067715,829.067712067715,-2.4140343528716453,-2.4140343528716453,-2.4140343528716453,-2.4140343528716453,-2.4140343528716453,-2.4140343528716453,0.0,0.0,0.0,826.6536777148433
248,2021-03-10,831.5252284538261,740.5932321734632,915.3400603139806,831.5252284538261,831.5252284538261,-3.5074895391283945,-3.5074895391283945,-3.5074895391283945,-3.5074895391283945,-3.5074895391283945,-3.5074895391283945,0.0,0.0,0.0,828.0177389146977
249,2021-03-11,833.982744839937,743.2096752736186,914.1579075887944,833.982744839937,833.982744839937,-3.8556350999914715,-3.8556350999914715,-3.8556350999914715,-3.8556350999914715,-3.8556350999914715,-3.8556350999914715,0.0,0.0,0.0,830.1271097399456
250,2021-03-12,836.440261226048,739.6031398708895,915.1843609924942,836.440261226048,836.440261226048,-7.76138543763243,-7.76138543763243,-7.76138543763243,-7.76138543763243,-7.76138543763243,-7.76138543763243,0.0,0.0,0.0,828.6788757884157
251,2021-03-13,838.8977776121591,765.8181775206797,936.5385190351412,838.8977776121591,838.8977776121591,11.70641165092956,11.70641165092956,11.70641165092956,11.70641165092956,11.70641165092956,11.70641165092956,0.0,0.0,0.0,850.6041892630886
252,2021-03-14,841.35529399827,767.5994902310946,943.6594504574584,841.35529399827,841.35529399827,11.706411653483727,11.706411653483727,11.706411653483727,11.706411653483727,11.706411653483727,11.706411653483727,0.0,0.0,0.0,853.0617056517538
253,2021-03-15,843.812810384381,754.5416632272785,921.2421361727652,843.812810384381,843.812810384381,-5.874278874899236,-5.874278874899236,-5.874278874899236,-5.874278874899236,-5.874278874899236,-5.874278874899236,0.0,0.0,0.0,837.9385315094818
254,2021-03-16,846.2703267704918,755.817129566544,926.7867566827333,846.2629308450936,846.2845086772846,-2.41403435286385,-2.41403435286385,-2.41403435286385,-2.41403435286385,-2.41403435286385,-2.41403435286385,0.0,0.0,0.0,843.856292417628
255,2021-03-17,848.7278431566031,760.0912752064279,932.4380806126876,848.7023080402274,848.7584280442281,-3.507489539125274,-3.507489539125274,-3.507489539125274,-3.507489539125274,-3.507489539125274,-3.507489539125274,0.0,0.0,0.0,845.2203536174778
256,2021-03-18,851.1853595427141,762.8424355644672,935.584974705195,851.1336176373214,851.2389942100233,-3.8556350999902964,-3.8556350999902964,-3.8556350999902964,-3.8556350999902964,-3.8556350999902964,-3.8556350999902964,0.0,0.0,0.0,847.3297244427238
257,2021-03-19,853.642875928825,752.8789344229862,923.6087897396019,853.556946533788,853.7230806115014,-7.76138543761933,-7.76138543761933,-7.76138543761933,-7.76138543761933,-7.76138543761933,-7.76138543761933,0.0,0.0,0.0,845.8814904912057
258,2021-03-20,856.100392314936,781.4989675293912,955.2230657913688,855.9852975847211,856.2223489651382,11.706411650957127,11.706411650957127,11.706411650957127,11.706411650957127,11.706411650957127,11.706411650957127,0.0,0.0,0.0,867.8068039658931
259,2021-03-21,858.557908701047,787.6256079376763,955.8047114113093,858.4011690532634,858.7124057619142,11.706411653480124,11.706411653480124,11.706411653480124,11.706411653480124,11.706411653480124,11.706411653480124,0.0,0.0,0.0,870.2643203545272
260,2021-03-22,861.0154250871581,769.3017748447755,941.0063346236207,860.8243048691699,861.214301224494,-5.874278874865814,-5.874278874865814,-5.874278874865814,-5.874278874865814,-5.874278874865814,-5.874278874865814,0.0,0.0,0.0,855.1411462122923
261,2021-03-23,863.4729414732691,779.0981290483862,947.4481606656049,863.2479622719882,863.722510592814,-2.414034352868083,-2.414034352868083,-2.414034352868083,-2.414034352868083,-2.414034352868083,-2.414034352868083,0.0,0.0,0.0,861.058907120401
262,2021-03-24,865.9304578593799,778.6150945476485,953.6359004910955,865.6653633180465,866.2210861585779,-3.5074895391264573,-3.5074895391264573,-3.5074895391264573,-3.5074895391264573,-3.5074895391264573,-3.5074895391264573,0.0,0.0,0.0,862.4229683202534
263,2021-03-25,868.387974245491,774.785579989052,955.4048796677789,868.089940041205,868.7233408938482,-3.8556350999891214,-3.8556350999891214,-3.8556350999891214,-3.8556350999891214,-3.8556350999891214,-3.8556350999891214,0.0,0.0,0.0,864.5323391455019
264,2021-03-26,870.845490631602,774.7047942790988,943.7648905349846,870.5071815268058,871.2270902491864,-7.761385437606231,-7.761385437606231,-7.761385437606231,-7.761385437606231,-7.761385437606231,-7.761385437606231,0.0,0.0,0.0,863.0841051939958
265,2021-03-27,873.3030070177131,797.7579949686169,964.7681779074683,872.9246424108568,873.7593470738053,11.706411650961645,11.706411650961645,11.706411650961645,11.706411650961645,11.706411650961645,11.706411650961645,0.0,0.0,0.0,885.0094186686747
266,2021-03-28,875.760523403824,796.1566906335983,973.0532583237922,875.3400990217914,876.269621013393,11.706411653526255,11.706411653526255,11.706411653526255,11.706411653526255,11.706411653526255,11.706411653526255,0.0,0.0,0.0,887.4669350573503
267,2021-03-29,878.218039789935,793.2721723412972,958.2946890742095,877.7391623458489,878.7907352907228,-5.8742788748588595,-5.8742788748588595,-5.8742788748588595,-5.8742788748588595,-5.8742788748588595,-5.8742788748588595,0.0,0.0,0.0,872.3437609150761
268,2021-03-30,880.675556176046,787.9057974571182,962.8887206472901,880.139631416696,881.3236966563184,-2.4140343528482604,-2.4140343528482604,-2.4140343528482604,-2.4140343528482604,-2.4140343528482604,-2.4140343528482604,0.0,0.0,0.0,878.2615218231978
269,2021-03-31,883.1330725621569,791.0266051259707,959.8724253894562,882.5369629613924,883.8403598260533,-3.5074895391258742,-3.5074895391258742,-3.5074895391258742,-3.5074895391258742,-3.5074895391258742,-3.5074895391258742,0.0,0.0,0.0,879.625583023031
270,2021-04-01,885.5905889482677,796.2913686796508,967.4450454719033,884.9090713237837,886.3602406160226,-3.8556351000056353,-3.8556351000056353,-3.8556351000056353,-3.8556351000056353,-3.8556351000056353,-3.8556351000056353,0.0,0.0,0.0,881.7349538482621
271,2021-04-02,888.048105334379,796.924873892514,963.9188985429732,887.2800550867876,888.8819444906621,-7.761385437643076,-7.761385437643076,-7.761385437643076,-7.761385437643076,-7.761385437643076,-7.761385437643076,0.0,0.0,0.0,880.2867198967359
272,2021-04-03,890.5056217204899,813.9729708430917,993.9898552300739,889.6617752245379,891.4055033997922,11.706411650966158,11.706411650966158,11.706411650966158,11.706411650966158,11.706411650966158,11.706411650966158,0.0,0.0,0.0,902.2120333714561
273,2021-04-04,892.9631381066009,821.1093495744392,989.9702010884578,892.0501740144861,893.9239681814186,11.70641165352265,11.70641165352265,11.70641165352265,11.70641165352265,11.70641165352265,11.70641165352265,0.0,0.0,0.0,904.6695497601236
274,2021-04-05,895.420654492712,802.7035428947767,973.5263509501259,894.4268712158633,896.4456808892605,-5.8742788748917185,-5.8742788748917185,-5.8742788748917185,-5.8742788748917185,-5.8742788748917185,-5.8742788748917185,0.0,0.0,0.0,889.5463756178202
275,2021-04-06,897.878170878823,805.2920335853985,984.0068011083503,896.7744165465836,898.9721855035345,-2.414034352852495,-2.414034352852495,-2.414034352852495,-2.414034352852495,-2.414034352852495,-2.414034352852495,0.0,0.0,0.0,895.4641365259705
276,2021-04-07,900.335687264934,805.0130163711275,975.7857952758058,899.1357135910441,901.4896607506067,-3.5074895391270586,-3.5074895391270586,-3.5074895391270586,-3.5074895391270586,-3.5074895391270586,-3.5074895391270586,0.0,0.0,0.0,896.828197725807
277,2021-04-08,902.7932036510448,810.916173144999,987.712562774045,901.5012660485932,904.0149223538914,-3.8556350999733096,-3.8556350999733096,-3.8556350999733096,-3.8556350999733096,-3.8556350999733096,-3.8556350999733096,0.0,0.0,0.0,898.9375685510715
278,2021-04-09,905.2507200371557,807.108965948891,990.2587301120254,903.890070856026,906.5572721033781,-7.761385437647681,-7.761385437647681,-7.761385437647681,-7.761385437647681,-7.761385437647681,-7.761385437647681,0.0,0.0,0.0,897.489334599508
279,2021-04-10,907.7082364232667,822.1141811155779,999.1405266989041,906.2584875855811,909.0941154541474,11.706411650970674,11.706411650970674,11.706411650970674,11.706411650970674,11.706411650970674,11.706411650970674,0.0,0.0,0.0,919.4146480742374
280,2021-04-11,910.165752809378,833.721827231766,1010.0504480331723,908.6355582028391,911.6537578418659,11.706411653495206,11.706411653495206,11.706411653495206,11.706411653495206,11.706411653495206,11.706411653495206,0.0,0.0,0.0,921.8721644628732
